{
  "project_info": {
    "project_number": "759949149734",
    "project_id": "quizmaster-acdee",
    "storage_bucket": "quizmaster-acdee.appspot.com"
  },
  "client": [
    {
      "client_info": {
        "mobilesdk_app_id": "1:759949149734:android:20bbfbd31f5dbcc80808e7",
        "android_client_info": {
          "package_name": "com.example.bidobid"
        }
      },
      "oauth_client": [
        {
          "client_id": "759949149734-igb8old8r161p96rl1qlqhatukpi6bgn.apps.googleusercontent.com",
          "client_type": 3
        }
      ],
      "api_key": [
        {
          "current_key": "AIzaSyD8y3H6YHO4bwQwD0Ms5DJwNgqNzImjkFM"
        }
      ],
      "services": {
        "appinvite_service": {
          "other_platform_oauth_client": [
            {
              "client_id": "759949149734-igb8old8r161p96rl1qlqhatukpi6bgn.apps.googleusercontent.com",
              "client_type": 3
            },
            {
              "client_id": "759949149734-60d5ajiqik166k1s6cd8k1tj3cjjbasn.apps.googleusercontent.com",
              "client_type": 2,
              "ios_info": {
                "bundle_id": "com.example.wdnimkoadmin"
              }
            }
          ]
        }
      }
    },
    {
      "client_info": {
        "mobilesdk_app_id": "1:759949149734:android:7c3e8544f39ed0310808e7",
        "android_client_info": {
          "package_name": "com.example.wdnimkoadmin"
        }
      },
      "oauth_client": [
        {
          "client_id": "759949149734-igb8old8r161p96rl1qlqhatukpi6bgn.apps.googleusercontent.com",
          "client_type": 3
        }
      ],
      "api_key": [
        {
          "current_key": "AIzaSyD8y3H6YHO4bwQwD0Ms5DJwNgqNzImjkFM"
        }
      ],
      "services": {
        "appinvite_service": {
          "other_platform_oauth_client": [
            {
              "client_id": "759949149734-igb8old8r161p96rl1qlqhatukpi6bgn.apps.googleusercontent.com",
              "client_type": 3
            },
            {
              "client_id": "759949149734-60d5ajiqik166k1s6cd8k1tj3cjjbasn.apps.googleusercontent.com",
              "client_type": 2,
              "ios_info": {
                "bundle_id": "com.example.wdnimkoadmin"
              }
            }
          ]
        }
      }
    },
    {
      "client_info": {
        "mobilesdk_app_id": "1:759949149734:android:323ae9ac0c6ab3110808e7",
        "android_client_info": {
          "package_name": "com.wd.nimko"
        }
      },
      "oauth_client": [
        {
          "client_id": "759949149734-igb8old8r161p96rl1qlqhatukpi6bgn.apps.googleusercontent.com",
          "client_type": 3
        }
      ],
      "api_key": [
        {
          "current_key": "AIzaSyD8y3H6YHO4bwQwD0Ms5DJwNgqNzImjkFM"
        }
      ],
      "services": {
        "appinvite_service": {
          "other_platform_oauth_client": [
            {
              "client_id": "759949149734-igb8old8r161p96rl1qlqhatukpi6bgn.apps.googleusercontent.com",
              "client_type": 3
            },
            {
              "client_id": "759949149734-60d5ajiqik166k1s6cd8k1tj3cjjbasn.apps.googleusercontent.com",
              "client_type": 2,
              "ios_info": {
                "bundle_id": "com.example.wdnimkoadmin"
              }
            }
          ]
        }
      }
    }
  ],
  "configuration_version": "1"
}